{"_runtime":1.3767104,"_step":0,"_wandb":{"runtime":3},"mse":1.8766735476471179e+06,"_timestamp":1.7514252703698034e+09}