{"_wandb":{"runtime":3},"mse":1.8766735476471179e+06,"_timestamp":1.751424914090708e+09,"_runtime":1.2371089,"_step":0}