{"_step":0,"mse":1.8766735476471179e+06,"_timestamp":1.75142541452711e+09,"_runtime":1.228026,"_wandb":{"runtime":3}}