{"_step":0,"_wandb":{"runtime":3},"mse":1.8766735476471179e+06,"_timestamp":1.7514246986629763e+09,"_runtime":2.6245102}